{
  "buildings": [
    {
      "name": "Activity Center",
      "latitude": "32.985117",
      "longitude": "-96.749792"
    },
    {
      "name": "Administration",
      "latitude": "32.989723",
      "longitude": "-96.748118"
    },
    {
      "name": "Arts and Humanities 1",
      "latitude": "32.987940",
      "longitude": "-96.751999"
    },
    {
      "name": "Arts and Humanities 2",
      "latitude": "32.987958",
      "longitude": "-96.751769"
    },
    {
      "name": "Visual Arts Studio",
      "latitude": "32.988912",
      "longitude": "-96.750052"
    },
    {
      "name": "Edith O'Donnell Arts & Technology",
      "latitude": "32.986293",
      "longitude": "-96.747418"
    },
    {
      "name": "Lloyd V. Berkner Hall",
      "latitude": "32.987859",
      "longitude": "-96.750186"
    },
    {
      "name": "Bioengineering and Sciences Building",
      "latitude": "32.991603",
      "longitude": "-96.749660"
    },
    {
      "name": "Classroom Building",
      "latitude": "32.9899430931377",
      "longitude": "-96.74919962882996"
    },
    {
      "name": "Classroom Building 1",
      "latitude": "32.987702317540965",
      "longitude": "-96.75184428691864"
    },
    {
      "name": "Classroom Building 2",
      "latitude": "32.98773156497841",
      "longitude": "-96.75134539604187"
    },
    {
      "name": "Classroom Building 3",
      "latitude": "32.98795654494239",
      "longitude": "-96.7512783408165"
    },
    {
      "name": "Callier Center Richardson",
      "latitude": "32.992484",
      "longitude": "-96.748550"
    },
    {
      "name": "Callier Richardson Addition",
      "latitude": "32.992016",
      "longitude": "-96.748435"
    },
    {
      "name": "Davidson-Gundy Alumni Center",
      "latitude": "32.986043",
      "longitude": "-96.746604"
    },
    {
      "name": "Dining Hall West",
      "latitude": "32.99006007985934",
      "longitude": "-96.75461769104004"
    },
    {
      "name": "N. Engineering & Computer Science",
      "latitude": "32.98705887146552",
      "longitude": "-96.74995064735413"
    },
    {
      "name": "S. Engineering & Computer Science",
      "latitude": "32.98640642135502",
      "longitude": "-96.74997210502625"
    },
    {
      "name": "W. Engineering & Computer Science",
      "latitude": "32.98616100000000",
      "longitude": "-96.75130900000000"
    },
    {
      "name": "Energy Plant",
      "latitude": "32.98879571514961",
      "longitude": "-96.75114154815674"
    },
    {
      "name": "Founders West Annex",
      "latitude": "32.987963294332474",
      "longitude": "-96.74971997737885"
    },
    {
      "name": "Facilities Management",
      "latitude": "32.992399781729155",
      "longitude": "-96.74688220024109"
    },
    {
      "name": "Founders North",
      "latitude": "32.988269266139866 ",
      "longitude": "-96.74914062023163"
    },
    {
      "name": "Founders Building",
      "latitude": "32.987837305632915 ",
      "longitude": "-96.74874365329742"
    },
    {
      "name": "Cecil and Ida Green Center",
      "latitude": "32.988165775794286 ",
      "longitude": "-96.74778878688812"
    },
    {
      "name": "Cecil H. Green Hall",
      "latitude": "32.98898019653828 ",
      "longitude": "-96.74763321876526"
    },
    {
      "name": "Karl Hoblitzelle Hall",
      "latitude": "32.98733334903638 ",
      "longitude": "-96.75157606601715"
    },
    {
      "name": "Erik Jonsson Academic Center",
      "latitude": "32.989016192861854 ",
      "longitude": "-96.74900650978088"
    },
    {
      "name": "Naveen Jindal School of Management",
      "latitude": "32.98528149604646 ",
      "longitude": "-96.74674272537231"
    },
    {
      "name": "Eugene McDermott Library",
      "latitude": "32.987126366029294 ",
      "longitude": "-96.74724698066711"
    },
    {
      "name": "Modular Lab 1",
      "latitude": "32.987009375419284",
      "longitude": "-96.75256311893463"
    },
    {
      "name": "Modular Lab 2",
      "latitude": "32.98699137685013 ",
      "longitude": "-96.75335168838501"
    },
    {
      "name": "North Office Building",
      "latitude": "32.99025355755871 ",
      "longitude": "-96.74915671348572"
    },
    {
      "name": "North Lab",
      "latitude": "32.990514526806905 ",
      "longitude": "-96.74889922142029"
    },
    {
      "name": "Police",
      "latitude": "32.99208932485786 ",
      "longitude": "-96.7454445362091"
    },
    {
      "name": "Parking Structure 1",
      "latitude": "32.98631192818061 ",
      "longitude": "-96.74518704414368"
    },
    {
      "name": "Parking Structure 3",
      "latitude": "32.99055502196592 ",
      "longitude": "-96.749929189682"
    },
    {
      "name": "Parking Structure 4",
      "latitude": "32.986206",
      "longitude": "-96.752981"
    },
    {
      "name": "Physics Annex",
      "latitude": "32.98982610626097",
      "longitude": "-96.74979507923126"
    },
    {
      "name": "Physics Building",
      "latitude": "32.989511140822195 ",
      "longitude": "-96.750108897686"
    },
    {
      "name": "Recreation Center West",
      "latitude": "32.990237809389725 ",
      "longitude": "-96.75519704818726"
    },
    {
      "name": "Natural Science & Engineering Research Lab",
      "latitude": "32.992784476771966",
      "longitude": "-96.75020545721054"
    },
    {
      "name": "Research and Operations Center",
      "latitude": "32.986536911762926 ",
      "longitude": "-96.75716042518616"
    },
    {
      "name": "Research and Operations Center West",
      "latitude": "32.986527912430645 ",
      "longitude": "-96.75863027572632"
    },
    {
      "name": "Service Building",
      "latitude": "32.99167538066394 ",
      "longitude": "-96.74614191055298"
    },
    {
      "name": "Safety and Grounds",
      "latitude": "32.99100046748879 ",
      "longitude": "-96.74662470817566"
    },
    {
      "name": "Science Learning Center",
      "latitude": "32.988345758925995 ",
      "longitude": "-96.75005793571472"
    },
    {
      "name": "Synergy Park North",
      "latitude": "32.994217507290166 ",
      "longitude": "-96.75225734710693"
    },
    {
      "name": "Student Services Building",
      "latitude": "32.985956452951854 ",
      "longitude": "-96.74847543239594"
    },
    {
      "name": "Student Services Building Addition",
      "latitude": "32.985956452951854 ",
      "longitude": "-96.74847543239594"
    },
    {
      "name": "Student Union",
      "latitude": "32.987031873625575",
      "longitude": "-96.74851298332214"
    },
    {
      "name": "Student Union Food Court",
      "latitude": "32.987040872906476",
      "longitude": "-96.74931764602661"
    },
    {
      "name": "Supplemental Utility Plant",
      "latitude": "32.98641542069971 ",
      "longitude": "-96.7447578907013"
    },
    {
      "name": "Theatre",
      "latitude": "32.98867872675211 ",
      "longitude": "-96.74865782260895"
    },
    {
      "name": "Visitor Center & University Bookstore",
      "latitude": "32.98471452825779 ",
      "longitude": "-96.74935519695282"
    },
    {
      "name": "Waterview Science & Technology Center",
      "latitude": "32.99214331743565 ",
      "longitude": "-96.75701022148132"
    },
    {
      "name": "Residence Hall Northwest",
      "latitude": "32.99134242414256 ",
      "longitude": "-96.75400614738464"
    },
    {
      "name": "Residence Hall North",
      "latitude": "32.99139641717731 ",
      "longitude": "-96.75171554088593"
    },
    {
      "name": "Residence Hall South",
      "latitude": "32.990361544927396 ",
      "longitude": "-96.75168335437775"
    },
    {
      "name": "Residence Hall Southwest",
      "latitude": "32.99031205073315 ",
      "longitude": "-96.75283670425415"
    },
    {
      "name": "Residence Hall West",
      "latitude": "32.990685506240794 ",
      "longitude": "-96.75485372543335"
    },
    {
      "name": "Canyon Creek Heights North",
      "latitude": "32.981773 ",
      "longitude": "-96.755557"
    },
    {
      "name": "Canyon Creek Heights South",
      "latitude": "32.980386 ",
      "longitude": "-96.755080"
    },
    {
      "name": "Dining Hall west",
      "latitude": "32.99006007985934",
      "longitude": "-96.75461769104004"
    },
    {
      "name": "Parking Structure 3",
      "latitude": "32.99055502196592 ",
      "longitude": "-96.749929189682"
    },
    {
      "name": "Eugene McDermott Library",
      "latitude": "32.987126366029294 ",
      "longitude": "-96.74724698066711"
    },
    {
      "name": "Student Union Food Court",
      "latitude": "32.987040872906476",
      "longitude": "-96.74931764602661"
    },
    {
      "name": "Visitor Center & University Bookstore",
      "latitude": "32.98471452825779",
      "longitude": "-96.74935519695282"
    },
    {
      "name": "Naveen Jindal School of Management",
      "latitude": "32.98528149604646 ",
      "longitude": "-96.74674272537231"
    },
    {
      "name": "Phase 2 Clubhouse",
      "latitude": "32.9827365",
      "longitude": "-96.755889"
    },
    {
      "name": "Phase 8a Information Center",
      "latitude": "32.9893895",
      "longitude": "-96.75492"
    },
    {
      "name": "Phase 8 Clubhouse",
      "latitude": "32.9888105",
      "longitude": "-96.753589"
    },
    {
      "name": "Phase 3 Clubhouse",
      "latitude": "32.984398",
      "longitude": "-96.753417"
    },
    {
      "name": "Phase 4 Clubhouse",
      "latitude": "32.986357",
      "longitude": "-96.75539649999999"
    }
  ]
}