{
    "Activity Center": "Activity Center",
    "Administration":"Administration building",
    "Arts and Humanities 1": "Arts and Humanities 1 building",
    "Arts and Humanities 2": "Arts and Humanities 2 building",
    "Visual Arts Studio": "Visual Arts Studio",
    "Edith O'Donnell Arts & Technology": "Edith O'Donnell Arts and Technology building",
    "Lloyd V. Berkner Hall": "Lloyd V. Berkner Hall",
    "Bioengineering and Sciences Building": "Bioengineering and Sciences Building",
    "Classroom Building": "Classroom Building",
    "Classroom Building 1":"Classroom Building 1",
    "Classroom Building 2": "Classroom Building 2",
    "Classroom Building 3":"Classroom Building 3",
    "Callier Center Richardson":"Callier Center Richardson building",
    "Callier Richardson Addition": "Callier Richardson Addition building",
    "Davidson-Gundy Alumni Center":"Davidson Gundy Alumni Center",
    "Dining Hall West":"Dining Hall West",
    "N. Engineering & Computer Science":"Engineering and Computer Science north",
    "S. Engineering & Computer Science":"Engineering and Computer Science south",
    "W. Engineering & Computer Science": "Engineering and Computer Science west",
    "Energy Plant":"Energy Plant building",
    "Founders West Annex":"Founders West Annex",
    "Facilities Management":"Facilities Management building",
    "Founders North":"Founders North building",
    "Founders Building":"Founders Building",
    "Cecil and Ida Green Center":"Cecil and Ida Green Center",
    "Cecil H. Green Hall":"Cecil H. Green Hall",
    "Karl Hoblitzelle Hall":"Karl Hoblitzelle Hall",
    "Erik Jonsson Academic Center":"Erik Johnson Academic Center",
    "Naveen Jindal School of Management":"JSOM",
    "Eugene McDermott Library":"Eugene McDermott Library",
    "Modular Lab 1":"Modular Lab one",
    "Modular Lab 2":"Modular Lab two",
    "North Office Building":"North Office Building",
    "North Lab":"North Lab building",
    "Police":"Police department",
    "Parking Structure 1":"Parking Structure 1",
    "Parking Structure 3":"Parking Structure 3",
    "Parking Structure 4":"Parking Structure 4",
    "Physics Annex":"Physics Annex",
    "Physics Building":"Physics Building",
    "Recreation Center West":"Recreation Center West",
    "Natural Science & Engineering Research Lab":"Natural Science & Engineering Research Lab",
    "Research and Operations Center":"Research and Operations Center",
    "Research and Operations Center West":"Research and Operations Center West",
    "Service Building":"Service Building",
    "Safety and Grounds":"Safety and Grounds",
    "Science Learning Center":"Science Learning Center",
    "Synergy Park North":"Synergy Park North",
    "Student Services Building":"Student Services Building",
    "Student Services Building Addition":"Student Services Building Addition",
    "Student Union":"Student Union",
    "Student Union Food Court":"Student Union Food Court",
    "Supplemental Utility Plant":"Supplemental Utility Plant",
    "Theatre":"Theatre",
    "Visitor Center & University Bookstore":"Visitor Center, Bookstore, tech store and copy center",
    "Waterview Science & Technology Center":"Waterview Science and Technology Center",
    "Residence Hall Northwest":"Residence Hall Northwest",
    "Residence Hall North":"Residence Hall North",
    "Residence Hall South":"Residence Hall South",
    "Residence Hall Southwest":"Residence Hall Southwest",
    "Residence Hall West":"Residence Hall West"
}