{
    "lots": [
        {
            "name": "LOT A",
            "handicap": 8,
            "electric": 2,
            "latitude": 32.990424,
            "longitude": -96.74555
        },
        {
            "name": "LOT B",
            "handicap": 3,
            "electric": 2,
            "latitude": 32.989281,
            "longitude": -96.744885
        },
        {
            "name": "LOT C",
            "handicap": 0,
            "electric": 0,
            "latitude": 32.987613,
            "longitude": -96.745026
        },
        {
            "name": "LOT D",
            "handicap": 0,
            "electric": 0,
            "latitude": 32.986982,
            "longitude": -96.744538
        },
        {
            "name": "LOT E",
            "handicap": 6,
            "electric": 0,
            "latitude": 32.987034,
            "longitude": -96.744538
        },
        {
            "name": "LOT F",
            "handicap": 2,
            "electric": 0,
            "latitude": 32.984251,
            "longitude": -96.749308
        },
        {
            "name": "LOT G",
            "handicap": 18,
            "electric": 0,
            "latitude": 32.987832,
            "longitude": -96.747306
        },
        {
            "name": "LOT H",
            "handicap": 15,
            "electric": 0,
            "latitude": 32.987712,
            "longitude": -96.753072
        },
        {
            "name": "LOT I",
            "handicap": 0,
            "electric": 0,
            "latitude": 32.986617,
            "longitude": -96.753033
        },
        {
            "name": "LOT J",
            "handicap": 19,
            "electric": 3,
            "latitude": 32.984624,
            "longitude": -96.750547
        },
        {
            "name": "LOT L",
            "handicap": 2,
            "electric": 0,
            "latitude": 32.989498,
            "longitude": -96.750894
        },
        {
            "name": "LOT M West",
            "handicap": 8,
            "electric": 0,
            "latitude": 32.983536,
            "longitude": -96.747242
        },
        {
            "name": "LOT M East",
            "handicap": 8,
            "electric": 0,
            "latitude": 32.983611,
            "longitude": -96.746334
        },
        {
            "name": "LOT N",
            "handicap": 7,
            "electric": 0,
            "latitude": 32.992291,
            "longitude": -96.747976
        },
        {
            "name": "LOT P",
            "handicap": 5,
            "electric": 0,
            "latitude": 32.990946,
            "longitude": -96.750536
        },
        {
            "name": "LOT Q",
            "handicap": 7,
            "electric": 0,
            "latitude": 32.983812,
            "longitude": -96.746332
        },
        {
            "name": "LOT R",
            "handicap": 2,
            "electric": 0,
            "latitude": 32.990159,
            "longitude": -96.748041
        },
        {
            "name": "LOT S",
            "handicap": 5,
            "electric": 0,
            "latitude": 32.992642,
            "longitude": -96.747426
        },
        {
            "name": "LOT T",
            "handicap": 17,
            "electric": 0,
            "latitude": 32.992432,
            "longitude": -96.751753
        },
        {
            "name": "LOT U",
            "handicap": 21,
            "electric": 0,
            "latitude": 32.980942,
            "longitude": -96.750624
        },
        {
            "name": "LOT V",
            "handicap": 8,
            "electric": 2,
            "latitude": 32.986163,
            "longitude": -96.757934
        },
        {
            "name": "LOT W",
            "handicap": 8,
            "electric": 0,
            "latitude": 32.991921,
            "longitude": -96.758248
        }
    ]
}