{
    "Box": "Comet Space",
    "JIRA": "JIRA",
    "WebEx": "WebEx",
    "Office 365": "e mail",
    "PeopleSoft CS - PRD": "Campus Solutions",
    "PeopleSoft FIN - PRD": "Finance",
    "PeopleSoft HCM - PRD": "Human Capital Management",
    "PeopleSoft Portal - PRD" : "Galaxy",
    "Atlas Self-Service Portal": "Atlas",
    "Child Care":"Child Care",
    "Citi Manager":"One Card",
    "Concur":"Travel",
    "eProcurement":"Jagger",
    "EZPay":"E Z Pay",
    "My Benefits":"My Benefits",
    "Parchment.com":"Transcripts",
    "Parking":"Parking",
    "TouchNet":"TouchNet",
    "eLearning":"eLearning",
    "Qualtrics":"Qualtrics",
    "Duo":"Net I D plus",
    "Lastpass":"Lastpass",
    "AiM":"A I M",
    "Apogee Login":"Apogee Login",
    "Carousel": "Digital Signage",
    "EMS": "S U Scheduling",
    "Inteum":"Inteum",
    "Legal Files": "Legal Files",
    "Odyssey PCS":"Odyssey P C S",
    "OnBase": "Digital Content",
    "Pharos": "Printing",
    "Titanium": "Titanium",
    "UTDallas Main Page": "Homepage",
    "Comet Careers - Employer":"Comet Careers Employer",
    "Comet Careers - Student":"student employment",
    "Get": "comet card online"
}